{"cameraMode":{"drawMode":0,"name":"Shaded","section":"Shading Mode"},"sceneLighting":true,"audioPlay":false,"sceneViewState":{"showFog":true,"showMaterialUpdate":false,"showSkybox":true,"showFlares":true,"showImageEffects":true,"showParticleSystems":true},"in2DMode":false,"pivot":{"x":-6.428309440612793,"y":0.3090839385986328,"z":1.313385009765625},"rotation":{"x":0.17558282613754273,"y":-0.07966145128011704,"z":0.02129524201154709,"w":0.9810053110122681},"size":5.803682327270508,"orthographic":false}