{"cameraMode":{"drawMode":0,"name":"Shaded","section":"Shading Mode"},"sceneLighting":false,"audioPlay":false,"sceneViewState":{"showFog":true,"showMaterialUpdate":false,"showSkybox":true,"showFlares":true,"showImageEffects":true,"showParticleSystems":true},"in2DMode":false,"pivot":{"x":0.23870739340782166,"y":0.4182925224304199,"z":-0.05260586738586426},"rotation":{"x":0.1021127924323082,"y":0.01964857429265976,"z":-0.0029370002448558809,"w":0.9945744276046753},"size":3.438354015350342,"orthographic":false}