{"cameraMode":{"drawMode":0,"name":"Shaded","section":"Shading Mode"},"sceneLighting":false,"audioPlay":false,"sceneViewState":{"showFog":true,"showMaterialUpdate":false,"showSkybox":true,"showFlares":true,"showImageEffects":true,"showParticleSystems":true},"in2DMode":false,"pivot":{"x":-1.0,"y":0.27310001850128176,"z":-0.0009323954582214356},"rotation":{"x":0.12299240380525589,"y":0.013629060238599778,"z":-0.0026109914761036636,"w":0.992310643196106},"size":5.971827507019043,"orthographic":false}